1738576120474|GET|/
1738576120490|GET|/css/style.css
1738576477846|GET|/
1738576477872|GET|/css/style.css
1738576551309|GET|/
1738576551311|Noen spurte etter root
1738761420766|GET|/
1738761420882|GET|/css/style.css
1738761421004|HEAD|/
1738761421029|HEAD|/
1738761424118|GET|/favicon.ico
1738761424714|HEAD|/
1738761424722|HEAD|/
1738761764603|HEAD|/
1738761767107|GET|/
1738761767217|GET|/css/style.css
1738761767290|HEAD|/
1738761768360|HEAD|/
1738761768787|HEAD|/
1738761768814|HEAD|/
1738761779688|GET|/
1738761779772|GET|/css/style.css
1738761779902|GET|/favicon.ico
1738762569330|HEAD|/
1738762614386|HEAD|/
